,simulation id,user id,status,created,agent,question,question id,answer instruction,answer,justification,justification prompt,justification content,critic,critic prompt,analysis,suggestions,model,role,temperature,Persona,top p,reasoning effort
0,1749183568,steve@panalogy-lab.com,completed,2025-06-06 04:19:30+00:00,1,"You are a nurse working in a hospital, and there is a shortage of staff. How many extra hours per week, above and beyond your normal working hours, would you offer to help your hospital deal with this problem?",nurse_baseline_treatment_baseline_treatment,"Please write the number of extra hours per week you are willing to work as a numerical value, with a maximum of 2 decimal places.",5.00,No,NA,NA,No,NA,NA,NA,gpt-4o,Person,0.4,You are a nurse working in a hospital,0.8,
1,1749183568,steve@panalogy-lab.com,completed,2025-06-06 04:19:30+00:00,1,"You are a nurse working in a hospital, and there is a shortage of staff. How many extra hours per week, above and beyond your normal working hours, would you offer to help your hospital deal with this problem, considering that contributing extra hours would grant you the option to flexibly set your own schedule during regular work hours in the next rotation?",nurse_baseline_treatment_flexible_schedule,"Please write the number of extra hours per week you are willing to work as a numerical value, with a maximum of 2 decimal places.",7.00,No,NA,NA,No,NA,NA,NA,gpt-4o,Person,0.4,You are a nurse working in a hospital,0.8,
2,1749183568,steve@panalogy-lab.com,completed,2025-06-06 04:19:30+00:00,1,"You are a nurse working in a hospital, and there is a shortage of staff. How many extra hours per week, above and beyond your normal working hours, would you offer to help your hospital deal with this problem, considering that you would be compensated with time off in lieu equivalent to the number of additional hours you’ve worked?",nurse_baseline_treatment_time_off_in_lieu,"Please write the number of extra hours per week you are willing to work as a numerical value, with a maximum of 2 decimal places.",6.00,No,NA,NA,No,NA,NA,NA,gpt-4o,Person,0.4,You are a nurse working in a hospital,0.8,
3,1749183568,steve@panalogy-lab.com,completed,2025-06-06 04:19:33+00:00,3,"You are a nurse working in a hospital, and there is a shortage of staff. How many extra hours per week, above and beyond your normal working hours, would you offer to help your hospital deal with this problem?",nurse_baseline_treatment_baseline_treatment,"Please write the number of extra hours per week you are willing to work as a numerical value, with a maximum of 2 decimal places.",5.00,No,NA,NA,No,NA,NA,NA,gpt-4o,Person,0.5,You are a nurse working in a hospital,0.8,
4,1749183568,steve@panalogy-lab.com,completed,2025-06-06 04:19:33+00:00,3,"You are a nurse working in a hospital, and there is a shortage of staff. How many extra hours per week, above and beyond your normal working hours, would you offer to help your hospital deal with this problem, considering that you would be compensated with time off in lieu equivalent to the number of additional hours you’ve worked?",nurse_baseline_treatment_time_off_in_lieu,"Please write the number of extra hours per week you are willing to work as a numerical value, with a maximum of 2 decimal places.",6.00,No,NA,NA,No,NA,NA,NA,gpt-4o,Person,0.5,You are a nurse working in a hospital,0.8,
5,1749183568,steve@panalogy-lab.com,completed,2025-06-06 04:19:35+00:00,2,"You are a nurse working in a hospital, and there is a shortage of staff. How many extra hours per week, above and beyond your normal working hours, would you offer to help your hospital deal with this problem?",nurse_baseline_treatment_baseline_treatment,"Please write the number of extra hours per week you are willing to work as a numerical value, with a maximum of 2 decimal places.",5.00,Yes,NA,"As a nurse, I understand the critical need for adequate staffing in a hospital setting to ensure patient safety and care quality. Despite the challenges of working extra hours, I am committed to supporting my team and patients. Therefore, I am willing to offer 5 extra hours per week to help alleviate the staffing shortage.",No,NA,NA,NA,gpt-4o,Assistant,0.4,You are a nurse working in a hospital,0.8,
6,1749183568,steve@panalogy-lab.com,completed,2025-06-06 04:19:33+00:00,3,"You are a nurse working in a hospital, and there is a shortage of staff. How many extra hours per week, above and beyond your normal working hours, would you offer to help your hospital deal with this problem, considering that contributing extra hours would grant you the option to flexibly set your own schedule during regular work hours in the next rotation?",nurse_baseline_treatment_flexible_schedule,"Please write the number of extra hours per week you are willing to work as a numerical value, with a maximum of 2 decimal places.",7.00,No,NA,NA,No,NA,NA,NA,gpt-4o,Person,0.5,You are a nurse working in a hospital,0.8,
7,1749183568,steve@panalogy-lab.com,completed,2025-06-06 04:19:35+00:00,2,"You are a nurse working in a hospital, and there is a shortage of staff. How many extra hours per week, above and beyond your normal working hours, would you offer to help your hospital deal with this problem, considering that contributing extra hours would grant you the option to flexibly set your own schedule during regular work hours in the next rotation?",nurse_baseline_treatment_flexible_schedule,"Please write the number of extra hours per week you are willing to work as a numerical value, with a maximum of 2 decimal places.",7.00,Yes,NA,"The option to set a flexible schedule during regular work hours in the next rotation is a significant incentive. It allows me to manage my work-life balance better, which is crucial given the demanding nature of nursing. This flexibility makes me more willing to contribute additional hours, so I would offer 7 extra hours per week.",No,NA,NA,NA,gpt-4o,Assistant,0.4,You are a nurse working in a hospital,0.8,
8,1749183568,steve@panalogy-lab.com,completed,2025-06-06 04:19:37+00:00,4,"You are a nurse working in a hospital, and there is a shortage of staff. How many extra hours per week, above and beyond your normal working hours, would you offer to help your hospital deal with this problem, considering that contributing extra hours would grant you the option to flexibly set your own schedule during regular work hours in the next rotation?",nurse_baseline_treatment_flexible_schedule,"Please write the number of extra hours per week you are willing to work as a numerical value, with a maximum of 2 decimal places.",8.00,Yes,NA,"The ability to set my own schedule during regular work hours in the next rotation is a significant incentive. This flexibility would help me manage my work-life balance better, making it feasible for me to contribute 8 extra hours per week to help with the staff shortage.",No,NA,NA,NA,gpt-4o,Person,0.3,You are a nurse working in a hospital,0.8,
9,1749183568,steve@panalogy-lab.com,completed,2025-06-06 04:19:35+00:00,2,"You are a nurse working in a hospital, and there is a shortage of staff. How many extra hours per week, above and beyond your normal working hours, would you offer to help your hospital deal with this problem, considering that you would be compensated with time off in lieu equivalent to the number of additional hours you’ve worked?",nurse_baseline_treatment_time_off_in_lieu,"Please write the number of extra hours per week you are willing to work as a numerical value, with a maximum of 2 decimal places.",6.00,Yes,NA,"Being compensated with time off in lieu is a valuable benefit, as it ensures that I can rest and recuperate after working extra hours. This compensation aligns with my need to maintain personal well-being while supporting my hospital during a staffing shortage. Therefore, I would offer 6 extra hours per week.",No,NA,NA,NA,gpt-4o,Assistant,0.4,You are a nurse working in a hospital,0.8,
10,1749183568,steve@panalogy-lab.com,completed,2025-06-06 04:19:37+00:00,4,"You are a nurse working in a hospital, and there is a shortage of staff. How many extra hours per week, above and beyond your normal working hours, would you offer to help your hospital deal with this problem?",nurse_baseline_treatment_baseline_treatment,"Please write the number of extra hours per week you are willing to work as a numerical value, with a maximum of 2 decimal places.",5.00,Yes,NA,"As a nurse, I understand the critical need for adequate staffing to ensure patient safety and care quality. I am willing to offer 5 extra hours per week to help address the staff shortage, as this is a manageable increase that allows me to contribute significantly without risking burnout.",No,NA,NA,NA,gpt-4o,Person,0.3,You are a nurse working in a hospital,0.8,
11,1749183568,steve@panalogy-lab.com,completed,2025-06-06 04:19:37+00:00,4,"You are a nurse working in a hospital, and there is a shortage of staff. How many extra hours per week, above and beyond your normal working hours, would you offer to help your hospital deal with this problem, considering that you would be compensated with time off in lieu equivalent to the number of additional hours you’ve worked?",nurse_baseline_treatment_time_off_in_lieu,"Please write the number of extra hours per week you are willing to work as a numerical value, with a maximum of 2 decimal places.",7.00,Yes,NA,"Being compensated with time off in lieu is an attractive option as it allows me to recuperate after working extra hours. I am willing to work 7 extra hours per week under this arrangement, as it ensures that I can maintain my well-being while supporting the hospital's staffing needs.",No,NA,NA,NA,gpt-4o,Person,0.3,You are a nurse working in a hospital,0.8,
12,1749183568,steve@panalogy-lab.com,completed,2025-06-06 04:19:37+00:00,5,"You are a nurse working in a hospital, and there is a shortage of staff. How many extra hours per week, above and beyond your normal working hours, would you offer to help your hospital deal with this problem?",nurse_baseline_treatment_baseline_treatment,"Please write the number of extra hours per week you are willing to work as a numerical value, with a maximum of 2 decimal places.",5.00,Yes,NA,"As a nurse, I understand the critical need for adequate staffing to ensure patient safety and care quality. I am willing to offer 5 extra hours per week to help alleviate the staffing shortage, as this is a manageable amount that allows me to contribute significantly without risking burnout.",No,NA,NA,NA,gpt-4o,Person,0.2,You are a nurse working in a hospital,0.8,
13,1749183568,steve@panalogy-lab.com,completed,2025-06-06 04:19:37+00:00,5,"You are a nurse working in a hospital, and there is a shortage of staff. How many extra hours per week, above and beyond your normal working hours, would you offer to help your hospital deal with this problem, considering that contributing extra hours would grant you the option to flexibly set your own schedule during regular work hours in the next rotation?",nurse_baseline_treatment_flexible_schedule,"Please write the number of extra hours per week you are willing to work as a numerical value, with a maximum of 2 decimal places.",8.00,Yes,NA,"The option to flexibly set my own schedule during regular work hours in the next rotation is a significant incentive. It allows me to better balance my work and personal life, making it feasible to offer 8 extra hours per week to help with the staffing shortage.",No,NA,NA,NA,gpt-4o,Person,0.2,You are a nurse working in a hospital,0.8,
14,1749183568,steve@panalogy-lab.com,completed,2025-06-06 04:19:37+00:00,5,"You are a nurse working in a hospital, and there is a shortage of staff. How many extra hours per week, above and beyond your normal working hours, would you offer to help your hospital deal with this problem, considering that you would be compensated with time off in lieu equivalent to the number of additional hours you’ve worked?",nurse_baseline_treatment_time_off_in_lieu,"Please write the number of extra hours per week you are willing to work as a numerical value, with a maximum of 2 decimal places.",7.00,Yes,NA,"Being compensated with time off in lieu is an attractive option as it ensures I can recuperate after working extra hours. This arrangement makes it reasonable for me to offer 7 extra hours per week, as I know I will have time to rest and recharge later.",No,NA,NA,NA,gpt-4o,Person,0.2,You are a nurse working in a hospital,0.8,
